-- phpMyAdmin SQL Dump
-- version 5.2.0
-- https://www.phpmyadmin.net/
--
-- Host: 127.0.0.1
-- Generation Time: May 08, 2023 at 03:26 AM
-- Server version: 10.4.27-MariaDB
-- PHP Version: 8.2.0

SET SQL_MODE = "NO_AUTO_VALUE_ON_ZERO";
START TRANSACTION;
SET time_zone = "+00:00";


/*!40101 SET @OLD_CHARACTER_SET_CLIENT=@@CHARACTER_SET_CLIENT */;
/*!40101 SET @OLD_CHARACTER_SET_RESULTS=@@CHARACTER_SET_RESULTS */;
/*!40101 SET @OLD_COLLATION_CONNECTION=@@COLLATION_CONNECTION */;
/*!40101 SET NAMES utf8mb4 */;

--
-- Database: `affiliate_marketing`
--

-- --------------------------------------------------------

--
-- Table structure for table `about_us`
--

CREATE TABLE `about_us` (
  `id` int(11) NOT NULL,
  `about_us` longblob NOT NULL
) ENGINE=InnoDB DEFAULT CHARSET=latin1 COLLATE=latin1_swedish_ci;

--
-- Dumping data for table `about_us`
--

INSERT INTO `about_us` (`id`, `about_us`) VALUES
(1, 0x57652061726520666f6375736564206f6e20676976696e67206f75722073686f7070657273207468652062657374206465616c7320616e6420636f75706f6e20636f64657320617661696c61626c65206f6e20746865207765622e204f7572207465616d206f6620536176696e677320457870657274732073636f75722074686520776562206461696c7920746f2066696e6420746865206d6f73742075702d746f2d646174652070726f6d6f20636f6465732066726f6d2074686520776f726c647320746f702072657461696c6572732e20576520636f6e74696e756f75736c7920746573742074686520636f75706f6e20636f6465732077652070726f7669646520736f20796f752063616e20726573742061737375726564207468617420746865206f66666572732070726f76696465642077696c6c20776f726b20616e64207361766520796f75206d6f6e657921205768696c652077652061726520666f6375736564206f6e20736176696e672073686f7070657273206d6f6e65792077652061726520616c736f20766572792064726976656e20746f2068656c70206f757420766172696f75732063617573657320616e64206368617269746965732061726f756e642074686520776f726c642e205768656e20796f75206d616b6520612070757263686173652077697468206f757220636f75706f6e73207765206765742070616964206120636f6d6d697373696f6e206279207468652072657461696c65722e205765207468656e2074616b65206120706f7274696f6e206f66207468652070726f666974732066726f6d2074686520636f6d6d697373696f6e20616e64207468656e20646f6e61746520697420746f2061206368617269747920776520736565206669742e20596f75722073686f7070696e6720657870657269656e6365206469726563746c7920696d706163747320746865206665617475726564206e6f6e2d70726f666974206f6e206f757220736974653b20746865206d6f726520796f7520736176652c20746865206d6f726520776520646f6e61746521);

-- --------------------------------------------------------

--
-- Table structure for table `admin`
--

CREATE TABLE `admin` (
  `id` int(11) NOT NULL,
  `username` varchar(255) NOT NULL,
  `password` varchar(255) NOT NULL
) ENGINE=InnoDB DEFAULT CHARSET=utf8mb4 COLLATE=utf8mb4_general_ci;

--
-- Dumping data for table `admin`
--

INSERT INTO `admin` (`id`, `username`, `password`) VALUES
(1, 'admin', 'admin');

-- --------------------------------------------------------

--
-- Table structure for table `banner_image`
--

CREATE TABLE `banner_image` (
  `id` int(11) NOT NULL,
  `banner_image` blob NOT NULL
) ENGINE=InnoDB DEFAULT CHARSET=latin1 COLLATE=latin1_swedish_ci;

--
-- Dumping data for table `banner_image`
--

INSERT INTO `banner_image` (`id`, `banner_image`) VALUES
(1, 0x2e2e2f62616e6e65725f696d6167652f353737383631312e706e67);

-- --------------------------------------------------------

--
-- Table structure for table `coupon`
--

CREATE TABLE `coupon` (
  `id` int(11) NOT NULL,
  `store_id` int(11) NOT NULL,
  `title` varchar(255) NOT NULL,
  `description` blob NOT NULL,
  `affiliate_link` varchar(255) NOT NULL,
  `code` varchar(255) NOT NULL,
  `expiry_date` date NOT NULL,
  `category` int(11) DEFAULT NULL,
  `click_count` int(11) DEFAULT NULL,
  `is_hot_story` int(11) NOT NULL,
  `coupon_reorder` int(11) DEFAULT NULL
) ENGINE=InnoDB DEFAULT CHARSET=utf8mb4 COLLATE=utf8mb4_general_ci;

--
-- Dumping data for table `coupon`
--

INSERT INTO `coupon` (`id`, `store_id`, `title`, `description`, `affiliate_link`, `code`, `expiry_date`, `category`, `click_count`, `is_hot_story`, `coupon_reorder`) VALUES
(31, 4, 'Testing', 0x54657374696e672e, 'https://google.com/', 'FAIZAN', '2023-03-23', 0, NULL, 1, 1),
(32, 5, 'Testing 1', 0x54657374696e672031, 'https://meta-technologix.s-kenterprise.com/', 'DANISH', '2023-03-17', 0, NULL, 1, 2),
(33, 5, 'Testing 3', 0x54657374696e672033, 'https://verifiedsaver.com/', 'VERIFIED', '2023-03-31', 0, NULL, 1, 3),
(34, 4, 'Testing 2', 0x54657374696e672032, 'https://meta-technologix.s-kenterprise.com/', 'FAIZAN', '2023-04-05', 0, NULL, 1, 4);

-- --------------------------------------------------------

--
-- Table structure for table `coupon_categories`
--

CREATE TABLE `coupon_categories` (
  `id` int(11) NOT NULL,
  `category` varchar(255) NOT NULL,
  `category_image` blob NOT NULL
) ENGINE=InnoDB DEFAULT CHARSET=utf8mb4 COLLATE=utf8mb4_general_ci;

--
-- Dumping data for table `coupon_categories`
--

INSERT INTO `coupon_categories` (`id`, `category`, `category_image`) VALUES
(0, 'Uncategorized ', ''),
(1, 'Electronic Accessories', 0x323636313337343538333533363434456c656374726f6e69634163636573736f726965732e706e67),
(2, 'Online Services', 0x3335373131373434353335333536354f6e6c696e6553657276696365732e706e67);

-- --------------------------------------------------------

--
-- Table structure for table `coupon_sub_categories`
--

CREATE TABLE `coupon_sub_categories` (
  `id` int(11) NOT NULL,
  `category_id` int(11) NOT NULL,
  `category_name` varchar(255) NOT NULL
) ENGINE=InnoDB DEFAULT CHARSET=utf8mb4 COLLATE=utf8mb4_general_ci;

-- --------------------------------------------------------

--
-- Table structure for table `newsletter`
--

CREATE TABLE `newsletter` (
  `EmailID` int(11) NOT NULL,
  `Name` varchar(255) DEFAULT NULL,
  `Email` varchar(255) DEFAULT NULL
) ENGINE=InnoDB DEFAULT CHARSET=latin1 COLLATE=latin1_swedish_ci;

--
-- Dumping data for table `newsletter`
--

INSERT INTO `newsletter` (`EmailID`, `Name`, `Email`) VALUES
(1, '1', 'fywelef@mailinator.com'),
(2, 'cejagohili', 'pemof@mailinator.com'),
(3, 'baker', 'tequkiwomy@mailinator.com'),
(4, 'biram', 'sivejanys@mailinator.com'),
(5, 'nazytika', 'pyqimyvel@mailinator.com'),
(6, 'liqohej', 'poda@mailinator.com'),
(7, 'admin', 'admin@watch.com'),
(8, 'Faizan', 'alifaizan0306@gmail.com'),
(9, 'Danish2022', 'danishkumar1001@gmail.com'),
(10, 'Faizan', 'faizan.ali@82solutions.com');

-- --------------------------------------------------------

--
-- Table structure for table `privacy_policy`
--

CREATE TABLE `privacy_policy` (
  `id` int(11) NOT NULL,
  `heading` varchar(255) NOT NULL,
  `description` longblob NOT NULL
) ENGINE=InnoDB DEFAULT CHARSET=latin1 COLLATE=latin1_swedish_ci;

--
-- Dumping data for table `privacy_policy`
--

INSERT INTO `privacy_policy` (`id`, `heading`, `description`) VALUES
(1, 'One', 0x576520757365206365727461696e2074686972642d706172747920616e616c797469637320616e642f6f72206f7468657220746563686e6f6c6f67792070726f76696465727320746f2068656c7020757320756e6465727374616e6420686f7720796f75207573652050726f6465676520536974657320616e64204665617475726573206f72206f75722053657276696365732c20616e6420746865736520636f6d70616e696573206d617920736574207468656972206f776e20636f6f6b69657320616e64206f7468657220547261636b696e6720546563686e6f6c6f67696573206f6e20796f757220446576696365732e20466f72206578616d706c652c207765206d6179207573652074686972642d706172747920736572766963657320746f207265636f726420616e642072657669657720796f757220696e746572616374696f6e732077697468207468652050726f6465676520536974657320616e6420466561747572657320616e64206f75722053657276696365732c20696e636c7564696e67206d6f757365206d6f76656d656e74732c20636c69636b732c2070616765207669736974732c206b65797374726f6b65732f6b657920746f75636865732c20616e64206f746865722064657461696c732c20696e636c7564696e6720616e7920504949207468617420796f752070726f766964652e2020546865736520e2809c73657373696f6e207265706c6179e2809d2073657276696365732068656c70207573206f7267616e697a6520616e6420616e616c797a6520796f757220696e746572616374696f6e206461746120666f72206f7572204461746120507572706f7365732c20696e636c7564696e6720746f20696d70726f766520616e642070726576656e742066726175642072656c6174656420746f2050726f6465676520536974657320616e6420466561747572657320616e64206f75722053657276696365732e204279207573696e6720616e79206f66207468652050726f6465676520536974657320616e64204665617475726573206f72206f75722053657276696365732c20796f7520657870726573736c7920636f6e73656e7420746f20746865207265636f7264696e6720616e642073686172696e67206f6620796f75722050494920616e64206f74686572206461746120776974682074686972642d706172747920e2809c73657373696f6e207265706c6179e2809d20736572766963657320616e64206f7468657220616e616c79746963732070726f7669646572732e20),
(2, 'Two', 0x576520757365206365727461696e2074686972642d706172747920616e616c797469637320616e642f6f72206f7468657220746563686e6f6c6f67792070726f76696465727320746f2068656c7020757320756e6465727374616e6420686f7720796f75207573652050726f6465676520536974657320616e64204665617475726573206f72206f75722053657276696365732c20616e6420746865736520636f6d70616e696573206d617920736574207468656972206f776e20636f6f6b69657320616e64206f7468657220547261636b696e6720546563686e6f6c6f67696573206f6e20796f757220446576696365732e20466f72206578616d706c652c207765206d6179207573652074686972642d706172747920736572766963657320746f207265636f726420616e642072657669657720796f757220696e746572616374696f6e732077697468207468652050726f6465676520536974657320616e6420466561747572657320616e64206f75722053657276696365732c20696e636c7564696e67206d6f757365206d6f76656d656e74732c20636c69636b732c2070616765207669736974732c206b65797374726f6b65732f6b657920746f75636865732c20616e64206f746865722064657461696c732c20696e636c7564696e6720616e7920504949207468617420796f752070726f766964652e2020546865736520e2809c73657373696f6e207265706c6179e2809d2073657276696365732068656c70207573206f7267616e697a6520616e6420616e616c797a6520796f757220696e746572616374696f6e206461746120666f72206f7572204461746120507572706f7365732c20696e636c7564696e6720746f20696d70726f766520616e642070726576656e742066726175642072656c6174656420746f2050726f6465676520536974657320616e6420466561747572657320616e64206f75722053657276696365732e204279207573696e6720616e79206f66207468652050726f6465676520536974657320616e64204665617475726573206f72206f75722053657276696365732c20796f7520657870726573736c7920636f6e73656e7420746f20746865207265636f7264696e6720616e642073686172696e67206f6620796f75722050494920616e64206f74686572206461746120776974682074686972642d706172747920e2809c73657373696f6e207265706c6179e2809d20736572766963657320616e64206f7468657220616e616c79746963732070726f7669646572732e20),
(3, 'Three', 0x576520757365206365727461696e2074686972642d706172747920616e616c797469637320616e642f6f72206f7468657220746563686e6f6c6f67792070726f76696465727320746f2068656c7020757320756e6465727374616e6420686f7720796f75207573652050726f6465676520536974657320616e64204665617475726573206f72206f75722053657276696365732c20616e6420746865736520636f6d70616e696573206d617920736574207468656972206f776e20636f6f6b69657320616e64206f7468657220547261636b696e6720546563686e6f6c6f67696573206f6e20796f757220446576696365732e20466f72206578616d706c652c207765206d6179207573652074686972642d706172747920736572766963657320746f207265636f726420616e642072657669657720796f757220696e746572616374696f6e732077697468207468652050726f6465676520536974657320616e6420466561747572657320616e64206f75722053657276696365732c20696e636c7564696e67206d6f757365206d6f76656d656e74732c20636c69636b732c2070616765207669736974732c206b65797374726f6b65732f6b657920746f75636865732c20616e64206f746865722064657461696c732c20696e636c7564696e6720616e7920504949207468617420796f752070726f766964652e2020546865736520e2809c73657373696f6e207265706c6179e2809d2073657276696365732068656c70207573206f7267616e697a6520616e6420616e616c797a6520796f757220696e746572616374696f6e206461746120666f72206f7572204461746120507572706f7365732c20696e636c7564696e6720746f20696d70726f766520616e642070726576656e742066726175642072656c6174656420746f2050726f6465676520536974657320616e6420466561747572657320616e64206f75722053657276696365732e204279207573696e6720616e79206f66207468652050726f6465676520536974657320616e64204665617475726573206f72206f75722053657276696365732c20796f7520657870726573736c7920636f6e73656e7420746f20746865207265636f7264696e6720616e642073686172696e67206f6620796f75722050494920616e64206f74686572206461746120776974682074686972642d706172747920e2809c73657373696f6e207265706c6179e2809d20736572766963657320616e64206f7468657220616e616c79746963732070726f7669646572732e20),
(4, 'Three', 0x576520757365206365727461696e2074686972642d706172747920616e616c797469637320616e642f6f72206f7468657220746563686e6f6c6f67792070726f76696465727320746f2068656c7020757320756e6465727374616e6420686f7720796f75207573652050726f6465676520536974657320616e64204665617475726573206f72206f75722053657276696365732c20616e6420746865736520636f6d70616e696573206d617920736574207468656972206f776e20636f6f6b69657320616e64206f7468657220547261636b696e6720546563686e6f6c6f67696573206f6e20796f757220446576696365732e20466f72206578616d706c652c207765206d6179207573652074686972642d706172747920736572766963657320746f207265636f726420616e642072657669657720796f757220696e746572616374696f6e732077697468207468652050726f6465676520536974657320616e6420466561747572657320616e64206f75722053657276696365732c20696e636c7564696e67206d6f757365206d6f76656d656e74732c20636c69636b732c2070616765207669736974732c206b65797374726f6b65732f6b657920746f75636865732c20616e64206f746865722064657461696c732c20696e636c7564696e6720616e7920504949207468617420796f752070726f766964652e2020546865736520e2809c73657373696f6e207265706c6179e2809d2073657276696365732068656c70207573206f7267616e697a6520616e6420616e616c797a6520796f757220696e746572616374696f6e206461746120666f72206f7572204461746120507572706f7365732c20696e636c7564696e6720746f20696d70726f766520616e642070726576656e742066726175642072656c6174656420746f2050726f6465676520536974657320616e6420466561747572657320616e64206f75722053657276696365732e204279207573696e6720616e79206f66207468652050726f6465676520536974657320616e64204665617475726573206f72206f75722053657276696365732c20796f7520657870726573736c7920636f6e73656e7420746f20746865207265636f7264696e6720616e642073686172696e67206f6620796f75722050494920616e64206f74686572206461746120776974682074686972642d706172747920e2809c73657373696f6e207265706c6179e2809d20736572766963657320616e64206f7468657220616e616c79746963732070726f7669646572732e20);

-- --------------------------------------------------------

--
-- Table structure for table `rating`
--

CREATE TABLE `rating` (
  `id` int(11) NOT NULL,
  `store_id` int(11) NOT NULL,
  `rating` int(11) NOT NULL,
  `userIP` varchar(255) NOT NULL,
  `created_at` date NOT NULL
) ENGINE=InnoDB DEFAULT CHARSET=latin1 COLLATE=latin1_swedish_ci;

--
-- Dumping data for table `rating`
--

INSERT INTO `rating` (`id`, `store_id`, `rating`, `userIP`, `created_at`) VALUES
(3, 4, 5, '107.205.197.172', '2023-03-19'),
(4, 4, 1, '104.28.38.71', '2023-03-19'),
(5, 4, 5, '182.184.78.47', '2023-03-20'),
(6, 4, 3, '119.157.84.194', '2023-03-21'),
(7, 4, 3, '119.157.88.162', '2023-03-21'),
(8, 5, 3, '107.205.197.172', '2023-03-22');

-- --------------------------------------------------------

--
-- Table structure for table `store`
--

CREATE TABLE `store` (
  `id` int(11) NOT NULL,
  `store_name` varchar(255) NOT NULL,
  `store_categories` int(11) NOT NULL,
  `website_url` varchar(255) NOT NULL,
  `affliliate_link` varchar(255) NOT NULL,
  `featured_image` varchar(255) NOT NULL,
  `is_hot_story` int(11) NOT NULL,
  `description` blob NOT NULL,
  `coupon_expiry_date` date NOT NULL,
  `votes` int(11) NOT NULL
) ENGINE=InnoDB DEFAULT CHARSET=utf8mb4 COLLATE=utf8mb4_general_ci;

--
-- Dumping data for table `store`
--

INSERT INTO `store` (`id`, `store_name`, `store_categories`, `website_url`, `affliliate_link`, `featured_image`, `is_hot_story`, `description`, `coupon_expiry_date`, `votes`) VALUES
(4, 'Target', 1, 'https://www.target.com/', 'https://www.target.com/', '15Target.png', 1, 0x54617267657420436f72706f726174696f6e20697320616e20416d65726963616e2072657461696c20636f72706f726174696f6e206865616471756172746572656420696e204d696e6e6561706f6c69732c204d696e6e65736f74612e2049742069732074686520656967687468206c6172676573742072657461696c657220696e2074686520556e69746564205374617465732c20616e64206120636f6d706f6e656e74206f6620746865205326502035303020496e6465782e2054686520636f6d70616e79206973206f6e65206f6620746865206c61726765737420416d65726963616e2d6f776e6564207072697661746520656d706c6f7965727320696e2074686520556e69746564205374617465732e, '2023-03-31', 4),
(5, 'Viator', 1, 'https://www.viator.com/', 'https://www.viator.com/', '68Viator.png', 1, 0x5573652052657365727665204e6f77202620506179204c6174657220746f2073656375726520746865206163746976697469657320796f7520646f6e27742077616e7420746f206d69737320776974686f7574206265696e67206c6f636b656420696e, '2023-03-31', 1);

--
-- Indexes for dumped tables
--

--
-- Indexes for table `about_us`
--
ALTER TABLE `about_us`
  ADD PRIMARY KEY (`id`);

--
-- Indexes for table `admin`
--
ALTER TABLE `admin`
  ADD PRIMARY KEY (`id`);

--
-- Indexes for table `banner_image`
--
ALTER TABLE `banner_image`
  ADD PRIMARY KEY (`id`);

--
-- Indexes for table `coupon`
--
ALTER TABLE `coupon`
  ADD PRIMARY KEY (`id`),
  ADD KEY `coupon_ibfk_1` (`store_id`),
  ADD KEY `coupon_ibfk_2` (`category`);

--
-- Indexes for table `coupon_categories`
--
ALTER TABLE `coupon_categories`
  ADD PRIMARY KEY (`id`);

--
-- Indexes for table `coupon_sub_categories`
--
ALTER TABLE `coupon_sub_categories`
  ADD PRIMARY KEY (`id`),
  ADD KEY `category_id` (`category_id`);

--
-- Indexes for table `newsletter`
--
ALTER TABLE `newsletter`
  ADD PRIMARY KEY (`EmailID`);

--
-- Indexes for table `privacy_policy`
--
ALTER TABLE `privacy_policy`
  ADD PRIMARY KEY (`id`);

--
-- Indexes for table `rating`
--
ALTER TABLE `rating`
  ADD PRIMARY KEY (`id`),
  ADD KEY `rating_ibfk_1` (`store_id`);

--
-- Indexes for table `store`
--
ALTER TABLE `store`
  ADD PRIMARY KEY (`id`),
  ADD KEY `store_categories` (`store_categories`);

--
-- AUTO_INCREMENT for dumped tables
--

--
-- AUTO_INCREMENT for table `about_us`
--
ALTER TABLE `about_us`
  MODIFY `id` int(11) NOT NULL AUTO_INCREMENT, AUTO_INCREMENT=2;

--
-- AUTO_INCREMENT for table `admin`
--
ALTER TABLE `admin`
  MODIFY `id` int(11) NOT NULL AUTO_INCREMENT, AUTO_INCREMENT=2;

--
-- AUTO_INCREMENT for table `banner_image`
--
ALTER TABLE `banner_image`
  MODIFY `id` int(11) NOT NULL AUTO_INCREMENT, AUTO_INCREMENT=2;

--
-- AUTO_INCREMENT for table `coupon`
--
ALTER TABLE `coupon`
  MODIFY `id` int(11) NOT NULL AUTO_INCREMENT, AUTO_INCREMENT=35;

--
-- AUTO_INCREMENT for table `coupon_categories`
--
ALTER TABLE `coupon_categories`
  MODIFY `id` int(11) NOT NULL AUTO_INCREMENT, AUTO_INCREMENT=4;

--
-- AUTO_INCREMENT for table `coupon_sub_categories`
--
ALTER TABLE `coupon_sub_categories`
  MODIFY `id` int(11) NOT NULL AUTO_INCREMENT;

--
-- AUTO_INCREMENT for table `newsletter`
--
ALTER TABLE `newsletter`
  MODIFY `EmailID` int(11) NOT NULL AUTO_INCREMENT, AUTO_INCREMENT=11;

--
-- AUTO_INCREMENT for table `privacy_policy`
--
ALTER TABLE `privacy_policy`
  MODIFY `id` int(11) NOT NULL AUTO_INCREMENT, AUTO_INCREMENT=5;

--
-- AUTO_INCREMENT for table `rating`
--
ALTER TABLE `rating`
  MODIFY `id` int(11) NOT NULL AUTO_INCREMENT, AUTO_INCREMENT=9;

--
-- AUTO_INCREMENT for table `store`
--
ALTER TABLE `store`
  MODIFY `id` int(11) NOT NULL AUTO_INCREMENT, AUTO_INCREMENT=6;

--
-- Constraints for dumped tables
--

--
-- Constraints for table `coupon`
--
ALTER TABLE `coupon`
  ADD CONSTRAINT `coupon_ibfk_1` FOREIGN KEY (`store_id`) REFERENCES `store` (`id`) ON DELETE CASCADE ON UPDATE CASCADE,
  ADD CONSTRAINT `coupon_ibfk_2` FOREIGN KEY (`category`) REFERENCES `coupon_categories` (`id`) ON DELETE CASCADE ON UPDATE CASCADE;

--
-- Constraints for table `coupon_sub_categories`
--
ALTER TABLE `coupon_sub_categories`
  ADD CONSTRAINT `coupon_sub_categories_ibfk_1` FOREIGN KEY (`category_id`) REFERENCES `coupon_categories` (`id`);

--
-- Constraints for table `rating`
--
ALTER TABLE `rating`
  ADD CONSTRAINT `rating_ibfk_1` FOREIGN KEY (`store_id`) REFERENCES `store` (`id`) ON DELETE CASCADE ON UPDATE CASCADE;

--
-- Constraints for table `store`
--
ALTER TABLE `store`
  ADD CONSTRAINT `store_ibfk_1` FOREIGN KEY (`store_categories`) REFERENCES `coupon_categories` (`id`) ON DELETE CASCADE ON UPDATE CASCADE;
COMMIT;

/*!40101 SET CHARACTER_SET_CLIENT=@OLD_CHARACTER_SET_CLIENT */;
/*!40101 SET CHARACTER_SET_RESULTS=@OLD_CHARACTER_SET_RESULTS */;
/*!40101 SET COLLATION_CONNECTION=@OLD_COLLATION_CONNECTION */;
